{
    "uid": "01234",
    "gpu": [
        0
    ],
    "bit64": false,
    "logperiod": 10,
    "skipvictim": false,
    "justtrain": 0,
    "npoison": 50,
    "eps": 8,
    "epscolor": [
        0.04,
        0.04,
        0.04
    ],
    "smoothcoef": 1.0,
    "gridshape": [
        10,
        10,
        10
    ],
    "watermark": false,
    "targetclass": 2,
    "poisonclass": 5,
    "ytargetadv": 5,
    "targetids": [
        0
    ],
    "multiclasspoison": false,
    "ncraftstep": 61,
    "nadapt": 2,
    "nreplay": 8,
    "net": "ConvNetBN",
    "pretrain": "",
    "lrnrate": 0.1,
    "batchsize": 125,
    "nbatch": 40,
    "warmupperiod": 5,
    "optimizer": "sgd",
    "weightdecay": false,
    "augment": false,
    "weightsettrain": false,
    "weightset": "",
    "stagger": 1,
    "schedule": [
        100,
        150,
        200
    ],
    "craftrate": 200,
    "crdropperiod": 20,
    "restartperiod": 9999,
    "objective": "cwT",
    "trajectory": "clean",
    "epochmass": false,
    "nproc": 3,
    "nmeta": 24,
    "maxepoch": 24,
    "ntarget": 1
}